GL1,TTG1,TRY,GL3,G3-G1,G3-T1,G3-TRY,G3-G3,G3-G1-T1,G3-T1-TRY,G1-G3-G3,T1-G3-G3,TRY-G3-G3,T1-G1-G3-G3,TRY-T1-G3-G3,G1-G3-G3-T1,G1-G3-G3-TRY,T1-G3-G3-TRY,G1-G3-G3-G1,T1-G3-G3-T1,TRY-G3-G3-TRY,G1-T1-G3-G3-G1,G1-T1-G3-G3-T1,G1-G3-G3-T1-TRY,G1-T1-G3-G3-TRY,T1-TRY-G3-G3-TRY,TRY-T1-G3-G3-T1,G1-T1-G3-G3-T1-G1,T1-TRY-G3-G3-TRY-T1,G1-T1-G3-G3-T1-TRY
0,0,0,1,8.00E-15,4.30E-15,0,100,1.09E-31,0,1.24E-14,6.71E-15,0,1.73E-31,0,4.30E-31,0,0,-1.25E-30,5.56E-32,0,4.78E-47,6.16E-48,0,0,0,0,4.95E-48,0,0
0.25,0,0,1,16.736,7.46E-25,3.59E-26,59.182,5.56E-26,-1.62E-30,22.032,9.82E-25,4.73E-26,7.31E-26,1.24E-32,1.83E-25,8.80E-27,-3.58E-34,2.0506,-1.05E-42,-4.51E-43,1.36E-26,-4.72E-44,-1.99E-32,-2.48E-36,-3.20E-46,-1.14E-45,-2.24E-44,-1.10E-45,1.17E-60
1,0,0,1,39.039,2.10E-23,1.10E-25,15.24,8.42E-24,4.33E-35,30.481,1.64E-23,8.62E-26,6.57E-24,-6.34E-34,1.64E-23,8.62E-26,9.87E-33,15.24,-3.89E-43,-2.64E-43,6.57E-24,-9.74E-44,3.63E-34,1.48E-33,7.87E-48,2.82E-47,-6.82E-44,2.72E-47,-1.25E-56
2,0,0,1,47.948,0,0,4.1035,0,0,21.023,0,0,0,0,0,0,0,26.925,0,0,0,0,0,0,0,0,0,0,0
3,0,0,1,51.037,0,0,1.6965,0,0,14.835,0,0,0,0,0,0,0,32.431,0,0,0,0,0,0,0,0,0,0,0
4,0,0,1,52.488,0,3.09E-30,0.89774,0,0,11.266,0,6.68E-31,0,0,0,4.26E-30,0,35.348,0,1.21E-44,0,0,0,0,0,0,0,0,0
0,0.25,0,1,5.14E-20,13.053,-8.35E-20,67.758,2.73E-21,-1.11E-20,7.09E-20,17.994,-1.15E-19,3.76E-21,-1.53E-20,9.41E-21,2.64E-33,-1.53E-20,3.82E-42,1.1947,5.82E-41,9.89E-43,5.00E-22,-5.65E-35,-1.76E-34,1.36E-41,-2.03E-21,-1.19E-43,1.83E-42,-4.64E-36
0.25,0.25,0,1,13.959,9.9567,0,41.69,0.77465,0,16.218,11.568,0,0.90002,0,2.25,0,0,1.5772,0.80249,0,0.17506,0.12487,0,0,0,0,0.0048575,0,0
1,0.25,0,1,34.297,5.1218,6.47E-26,11.608,2.1058,9.83E-27,23.862,3.5634,4.47E-26,1.4651,6.82E-27,3.6627,4.58E-26,6.86E-27,12.263,0.27348,8.59E-33,1.5059,0.22488,6.70E-27,2.82E-27,5.32E-32,1.05E-27,0.046229,3.01E-33,4.25E-28
2,0.25,0,1,43.248,2.7459,0,3.3151,2.8479,0,17.192,1.0915,0,1.1321,0,2.8302,0,0,22.289,0.089846,0,2.9354,0.18637,0,0,0,0,0.09665,0,0
3,0.25,0,1,46.55,1.7994,0,1.4081,3.1661,0,12.388,0.47885,0,0.84254,0,2.1063,0,0,27.245,0.040711,0,3.7061,0.14326,0,0,0,0,0.12604,0,0
4,0.25,0,1,48.148,1.3228,0,0.7552,3.3318,0,9.5106,0.2613,0,0.65813,0,1.6453,0,0,29.943,0.022602,0,4.1441,0.11386,0,0,0,0,0.14338,0,0
0,1,0,1,-8.43E-20,32.85,4.46E-21,25.65,-2.08E-20,2.75E-21,-8.14E-20,31.704,4.30E-21,-2.01E-20,2.66E-21,-5.03E-20,2.46E-31,2.66E-21,5.93E-41,9.7969,6.23E-44,3.04E-41,-1.24E-20,7.09E-32,3.10E-32,1.86E-43,1.64E-21,3.46E-42,2.69E-45,9.40E-33
0.25,1,0,1,9.0054,26.572,0,17.062,2.2954,0,7.3694,21.744,0,1.8784,0,4.6959,0,0,0.79574,6.9279,0,0.40565,1.1969,0,0,0,0,0.051697,0,0
1,1,0,1,24.458,15.231,-1.89E-18,5.6782,6.6658,-1.26E-18,12.426,7.7379,-9.38E-19,3.3865,-6.35E-19,8.4663,-1.02E-18,-6.40E-19,6.7976,2.6361,1.27E-32,3.7053,2.3074,-6.65E-19,-2.78E-19,6.68E-33,-4.35E-19,0.50493,5.94E-34,-1.87E-19
2,1,0,1,32.701,8.7471,-5.84E-27,1.8626,9.3298,-4.03E-27,9.9337,2.6571,-1.71E-27,2.8341,-1.20E-27,7.0853,-4.51E-27,-1.22E-27,13.244,0.94759,7.85E-32,7.5573,2.0214,-3.10E-27,-1.29E-27,-1.87E-32,-8.68E-28,1.0781,-2.24E-33,-9.10E-28
3,1,0,1,36.153,5.9073,-4.07E-26,0.8445,10.542,-2.85E-26,7.5356,1.2313,-8.11E-27,2.1975,-5.82E-27,5.4937,-3.59E-26,-5.93E-27,16.81,0.44883,-2.50E-34,9.8042,1.602,-2.52E-26,-1.05E-26,-4.23E-34,-4.31E-27,1.4295,-9.09E-35,-7.56E-27
4,1,0,1,37.933,4.4082,2.31E-26,0.46834,11.195,1.63E-26,5.9469,0.69109,3.44E-27,1.7551,2.49E-27,4.3877,2.17E-26,2.55E-27,18.878,0.25495,7.85E-31,11.143,1.2949,1.54E-26,6.44E-27,-4.03E-32,1.87E-27,1.6443,-6.34E-33,4.68E-27
0,2,0,1,-4.37E-20,42.865,0,9.803,-2.47E-20,0,-2.83E-20,27.727,0,-1.60E-20,0,-4.00E-20,0,0,1.51E-41,19.605,0,1.93E-41,-2.26E-20,0,0,0,0,4.89E-42,0,0
0.25,2,0,1,5.8844,35.937,0,6.9337,3.3884,0,3.2688,19.963,0,1.8823,0,4.7057,0,0,0.38526,14.37,0,0.44369,2.7097,0,0,0,0,0.12775,0,0
1,2,0,1,17.127,22.257,-3.98E-21,2.6786,10.249,-5.78E-21,6.1675,8.0149,-1.39E-21,3.6909,-2.06E-21,9.2272,-1.57E-21,-2.08E-21,3.5502,5.9956,8.06E-39,4.2491,5.5219,-2.28E-21,-9.46E-22,1.14E-38,-3.10E-21,1.2714,4.84E-39,-1.40E-21
2,2,0,1,24.015,13.519,-6.35E-27,0.98861,14.765,-9.34E-27,5.3987,3.0391,-1.35E-27,3.3192,-2.06E-27,8.2981,-3.64E-27,-2.09E-27,7.3706,2.3356,6.60E-32,9.0631,5.1018,-5.43E-27,-2.26E-27,-8.52E-32,-3.20E-27,2.7861,-1.66E-32,-3.43E-27
3,2,0,1,27.193,9.378,2.17E-25,0.47524,16.945,3.21E-25,4.2935,1.4807,3.22E-26,2.6755,4.96E-26,6.6887,1.44E-25,5.03E-26,9.6975,1.1534,-1.80E-30,12.086,4.168,2.17E-25,9.01E-26,-1.86E-31,7.82E-26,3.7656,-3.67E-32,1.39E-25
4,2,0,1,28.918,7.0973,3.32E-25,0.27194,18.157,4.92E-25,3.4786,0.85373,3.72E-26,2.1842,5.76E-26,5.4604,2.35E-25,5.86E-26,11.124,0.67006,-2.05E-30,13.97,3.4285,3.58E-25,1.49E-25,-1.11E-30,9.18E-26,4.3857,-3.03E-31,2.31E-25
0,3,0,1,4.48E-22,47.173,0,4.8428,4.13E-22,0,2.12E-22,22.304,0,1.95E-22,0,4.88E-22,0,0,6.07E-43,25.68,0,7.05E-43,4.50E-22,0,0,0,0,4.25E-43,0,0
0.25,3,0,1,4.2943,40.276,2.35E-17,3.5485,3.9985,5.41E-17,1.7614,16.52,9.51E-18,1.6401,2.21E-17,4.1002,2.31E-18,2.21E-17,0.21859,19.228,6.38E-36,0.40707,3.8178,5.25E-18,2.17E-18,2.97E-35,5.15E-17,0.18951,3.45E-35,5.02E-18
1,3,0,1,12.965,26.039,-4.45E-28,1.4959,12.361,-1.03E-27,3.5508,7.1312,-1.17E-28,3.3854,-2.78E-28,8.4634,-1.36E-28,-2.80E-28,2.1071,8.4987,-1.06E-45,4.0178,8.0691,-3.17E-28,-1.31E-28,-2.91E-45,-6.66E-28,1.9153,-2.25E-45,-3.11E-28
2,3,0,1,18.7,16.361,-5.75E-25,0.59315,18.135,-1.33E-24,3.2873,2.8762,-9.53E-26,3.188,-2.29E-25,7.9701,-2.60E-25,-2.32E-25,4.5546,3.4867,-4.28E-31,8.8342,7.7295,-6.14E-25,-2.54E-25,-1.88E-31,-5.61E-25,4.2837,-5.74E-32,-6.11E-25
3,3,0,1,21.5,11.549,3.78E-25,0.29602,21.035,8.75E-25,2.6958,1.4481,4.42E-26,2.6375,1.07E-25,6.5937,1.98E-25,1.09E-25,6.1375,1.771,-2.43E-32,12.009,6.4511,4.73E-25,1.96E-25,-1.00E-32,2.65E-25,5.8748,-1.99E-33,4.75E-25
4,3,0,1,23.071,8.8247,-7.68E-23,0.17296,22.686,-1.78E-22,2.2232,0.85038,-6.84E-24,2.1861,-1.66E-23,5.4653,-4.34E-23,-1.69E-23,7.144,1.0453,9.54E-30,14.05,5.3741,-1.04E-22,-4.31E-23,1.07E-30,-4.15E-23,6.9077,3.33E-31,-1.05E-22
0,4,0,1,-1.14E-25,49.455,0,2.8168,-1.48E-25,0,-4.21E-26,18.231,0,-5.45E-26,0,-1.36E-25,0,0,-7.43E-47,29.498,0,-7.28E-48,-1.76E-25,0,0,0,0,8.49E-47,0,0
0.25,4,0,1,3.3578,42.679,0,2.1083,4.3773,0,1.0812,13.742,0,1.4094,0,3.5236,0,0,0.13861,22.393,0,0.36139,4.5934,0,0,0,0,0.23556,0,0
1,4,0,1,10.358,28.331,5.66E-26,0.9381,13.715,1.81E-25,2.2707,6.2108,1.19E-26,3.0066,3.94E-26,7.5165,1.41E-26,3.96E-26,1.374,10.28,8.18E-31,3.6387,9.9528,4.59E-26,1.89E-26,2.88E-32,1.31E-25,2.4091,1.21E-32,6.23E-26
2,4,0,1,15.207,18.197,4.62E-25,0.38944,20.369,1.48E-24,2.1795,2.6082,6.24E-26,2.9194,2.08E-25,7.2984,1.71E-25,2.10E-25,3.0495,4.3669,-3.99E-31,8.1692,9.7758,5.62E-25,2.32E-25,-1.22E-31,7.01E-25,5.4711,-5.20E-32,7.72E-25
3,4,0,1,17.663,12.998,-8.36E-24,0.19928,23.803,-2.66E-23,1.8246,1.3427,-8.03E-25,2.4588,-2.69E-24,6.1471,-3.62E-24,-2.72E-24,4.1766,2.2618,-3.08E-30,11.257,8.2839,-1.19E-23,-4.92E-24,9.03E-31,-9.14E-24,7.5848,3.85E-31,-1.65E-23
4,4,0,1,19.07,9.9989,7.62E-22,0.11811,25.79,2.43E-21,1.5232,0.79867,5.62E-23,2.06,1.89E-22,5.15,3.58E-22,1.91E-22,4.911,1.3502,2.98E-30,13.283,6.9648,1.18E-21,4.88E-22,2.92E-31,6.45E-22,8.9821,1.24E-31,1.64E-21
0,0,0.25,1,9.25E-16,1.02E-18,7.613,80.881,-1.77E-31,6.99E-20,1.35E-15,1.49E-18,11.123,-1.38E-32,1.02E-19,-6.75E-32,9.29E-17,1.02E-19,5.64E-33,8.60E-32,0.38242,5.88E-44,2.83E-44,-2.81E-32,-3.22E-33,7.03E-21,1.55E-33,1.02E-43,3.85E-35,3.62E-46
0.25,0,0.25,1,15.459,0,5.7148,49.23,0,0,19.077,0,7.0524,0,0,0,1.3664,0,1.8482,0,0.25257,0,0,0,0,0,0,0,0,0
1,0,0.25,1,37.328,0,2.8662,13.509,0,0,27.703,0,2.1272,0,0,0,2.1811,0,14.203,0,0.08374,0,0,0,0,0,0,0,0,0
2,0,0.25,1,46.723,6.14E-17,1.5175,3.8348,6.39E-17,5.13E-18,19.862,2.60E-17,0.64511,2.70E-17,2.16E-18,6.72E-17,1.6707,2.19E-18,25.719,4.42E-35,0.027131,6.99E-17,9.16E-35,5.38E-18,2.27E-18,1.83E-19,7.42E-36,4.75E-35,3.12E-37,7.56E-36
3,0,0.25,1,50.163,0,0.98964,1.6247,0,0,14.286,0,0.28184,0,0,0,1.2391,0,31.403,0,0.012223,0,0,0,0,0,0,0,0,0
4,0,0.25,1,51.82,8.10E-18,0.72583,0.87058,2.04E-17,7.08E-19,10.96,1.71E-18,0.15352,4.31E-18,1.47E-19,1.07E-17,0.96636,1.51E-19,34.496,8.40E-37,0.0067678,2.71E-17,4.23E-36,9.00E-19,3.80E-19,1.32E-20,1.47E-37,5.33E-36,6.49E-39,3.66E-37
0,0.25,0.25,1,0,11.487,5.9486,55.791,0,0.78986,0,14.816,7.6727,0,1.0188,0,0,1.0188,0,0.98364,0.2638,0,0,0,0,0.070055,0.13528,0,0.004651,0
0.25,0.25,0.25,1,13.029,8.9272,4.6178,35.078,0.73082,0.63807,14.181,9.7216,5.0203,0.78734,0.69474,1.9583,1.0116,0.69577,1.4348,0.6737,0.17965,0.15915,0.10889,0.13362,0.056207,0.049757,0.096381,0.0044162,0.0034476,0.007655
1,0.25,0.25,1,32.873,4.7757,2.4665,10.321,2.0265,0.37341,21.732,3.1538,1.6194,1.3302,0.24594,3.3115,1.6996,0.24756,11.448,0.24113,0.063559,1.4004,0.20301,0.24753,0.10413,0.019373,0.037781,0.042854,0.001481,0.015638
2,0.25,0.25,1,42.144,2.6377,1.3625,3.0972,2.7756,0.2199,16.23,1.0135,0.51858,1.0638,0.083816,2.6508,1.3551,0.084936,21.27,0.083026,0.021738,2.7871,0.17401,0.21134,0.088903,0.007079,0.013869,0.09135,0.00058017,0.014302
3,0.25,0.25,1,45.735,1.7528,0.90569,1.3463,3.1088,0.15073,11.911,0.45529,0.23251,0.80676,0.038637,2.0116,1.0261,0.039366,26.349,0.038556,0.010059,3.5685,0.13644,0.16537,0.06957,0.003379,0.0066379,0.12088,0.00028646,0.011568
4,0.25,0.25,1,47.514,1.2981,0.67101,0.73116,3.2855,0.11353,9.2381,0.25173,0.1284,0.63698,0.021635,1.589,0.80961,0.022135,29.185,0.021704,0.0056519,4.0239,0.1097,0.1328,0.055876,0.0019298,0.0037974,0.13876,0.00016667,0.0094583
0,1,0.25,1,-9.67E-17,29.721,3.3069,21.712,-2.41E-17,2.0437,-8.70E-17,26.837,2.986,-2.15E-17,1.8454,-5.37E-17,-5.92E-18,1.8454,2.20E-34,8.2929,0.10266,1.76E-36,-1.33E-17,-3.52E-18,-1.47E-18,0.12689,1.1405,-1.51E-35,0.039211,-8.98E-19
0.25,1,0.25,1,8.5477,24.278,2.7396,14.633,2.1933,1.7327,6.543,18.631,2.0888,1.6686,1.3277,4.1562,0.46188,1.3301,0.73376,5.9311,0.074577,0.37381,1.0609,0.28271,0.11835,0.094875,0.84626,0.04763,0.030192,0.074323
1,1,0.25,1,23.538,14.291,1.6723,5.0738,6.4305,1.1116,11.346,6.8914,0.78884,3.0865,0.5325,7.6918,0.87287,0.53632,6.357,2.3413,0.030732,3.4555,2.0945,0.56993,0.23849,0.041622,0.3636,0.46979,0.014129,0.1598
2,1,0.25,1,31.861,8.4082,1.0141,1.7336,9.0916,0.69763,9.3448,2.463,0.28695,2.6587,0.20161,6.6299,0.76642,0.20427,12.609,0.87567,0.011932,7.1705,1.8882,0.52346,0.21893,0.016873,0.14477,1.0198,0.005995,0.15351
3,1,0.25,1,35.478,5.7522,0.70534,0.80387,10.341,0.49337,7.2151,1.1677,0.1373,2.0984,0.09825,5.2351,0.61142,0.099986,16.201,0.42449,0.0059033,9.42,1.524,0.4269,0.1785,0.0085235,0.072426,1.3697,0.0030984,0.12799
4,1,0.25,1,37.386,4.323,0.5353,0.45147,11.027,0.37792,5.7533,0.66395,0.078473,1.6939,0.056686,4.2275,0.49672,0.057882,18.338,0.2444,0.0034391,10.795,1.2458,0.3511,0.14679,0.0050226,0.042443,1.5892,0.0018497,0.10658
0,2,0.25,1,0,39.34,1.9129,8.4178,0,2.7052,0,23.809,1.1577,0,1.6372,0,0,1.6372,0,16.835,0.039802,0,0,0,0,0.11258,2.3153,0,0.079604,0
0.25,2,0.25,1,5.6318,33.187,1.6582,6.0097,3.2554,2.3643,2.9238,17.292,0.85556,1.6845,1.2291,4.201,0.20446,1.2313,0.35709,12.439,0.030475,0.41103,2.4217,0.28533,0.11878,0.087616,1.7703,0.11831,0.063,0.16919
1,2,0.25,1,16.517,20.966,1.118,2.3977,9.8993,1.6222,5.6339,7.1606,0.36966,3.3687,0.54915,8.4034,0.42721,0.55281,3.3191,5.3478,0.014299,3.9659,5.0277,0.61869,0.25736,0.042594,0.82405,1.185,0.031774,0.38058
2,2,0.25,1,23.381,12.998,0.73024,0.91701,14.378,1.0725,5.0612,2.8122,0.1502,3.1071,0.2283,7.7537,0.40862,0.23096,6.9954,2.1573,0.0061958,8.5841,4.7631,0.60761,0.25258,0.018926,0.3534,2.634,0.014502,0.38369
3,2,0.25,1,26.65,9.1249,0.52758,0.45038,16.603,0.77959,4.0938,1.4001,0.076149,2.5473,0.11701,6.3584,0.34186,0.1188,9.3127,1.0888,0.0032524,11.584,3.9588,0.51524,0.2141,0.010063,0.18427,3.603,0.0078202,0.32978
4,2,0.25,1,28.462,6.9538,0.40902,0.26103,17.865,0.60653,3.352,0.81783,0.044947,2.1019,0.069464,5.2478,0.28555,0.070715,10.769,0.64104,0.0019598,13.501,3.2926,0.43372,0.18019,0.0061077,0.11057,4.232,0.0047864,0.27977
0,3,0.25,1,0,43.564,1.3009,4.1845,0,2.9956,0,19.272,0.57548,0,1.3252,0,0,1.3252,0,22.19,0.019786,0,0,0,0,0.091125,3.0516,0,0.10492,0
0.25,3,0.25,1,4.1233,37.377,1.1539,3.0895,3.8489,2.6594,1.5801,14.378,0.43907,1.4721,1.0205,3.6739,0.10994,1.0221,0.20288,16.73,0.015614,0.37768,3.424,0.24967,0.10346,0.072619,2.3771,0.17581,0.084458,0.23896
1,3,0.25,1,12.513,24.574,0.8204,1.3398,11.942,1.8938,3.243,6.3792,0.20545,3.0908,0.48709,7.7148,0.24385,0.48988,1.9683,7.5947,0.007908,3.7491,7.3556,0.56643,0.23454,0.037573,1.1645,1.7856,0.044681,0.55432
2,3,0.25,1,18.195,15.729,0.55904,0.54894,17.648,1.292,3.0747,2.6579,0.089315,2.9795,0.21474,7.4386,0.2459,0.21687,4.3134,3.2183,0.0036629,8.3551,7.2113,0.58078,0.24032,0.017679,0.52414,4.0466,0.021381,0.57776
3,3,0.25,1,21.05,11.23,0.41335,0.27973,20.592,0.95586,2.5633,1.3664,0.046993,2.5058,0.11377,6.2571,0.21215,0.11524,5.8795,1.6694,0.0019969,11.49,6.1191,0.50547,0.20907,0.0097183,0.28105,5.6141,0.011862,0.50724
4,3,0.25,1,22.683,8.6393,0.32483,0.16556,22.301,0.75145,2.1366,0.81294,0.028339,2.0994,0.068863,5.2431,0.18052,0.06991,6.8995,0.99842,0.0012304,13.553,5.1537,0.43233,0.17878,0.0060175,0.17144,6.6569,0.0073866,0.43609
0,4,0.25,1,0,45.822,0.97367,2.442,0,3.1509,0,15.805,0.33584,0,1.0868,0,0,1.0868,0,25.573,0.011547,0,0,0,0,0.074731,3.5169,0,0.12092,0
0.25,4,0.25,1,3.2288,39.712,0.87471,1.8403,4.2164,2.8228,0.97139,11.992,0.26123,1.2669,0.85033,3.1634,0.067414,0.85148,0.12869,19.537,0.0092791,0.33545,4.1269,0.21529,0.08888,0.060433,2.7731,0.21862,0.098417,0.28793
1,4,0.25,1,9.9987,26.763,0.64107,0.84038,13.25,2.0564,2.0735,5.5594,0.12841,2.7452,0.42335,6.8548,0.15515,0.4254,1.2826,9.1955,0.0049254,3.3942,9.0779,0.50286,0.20746,0.032526,1.4054,2.2457,0.053743,0.68239
2,4,0.25,1,14.789,17.49,0.44823,0.35988,19.812,1.4315,2.0356,2.4079,0.058298,2.7253,0.19398,6.8062,0.16187,0.19559,2.8837,4.0284,0.0023806,7.718,9.1152,0.53053,0.21874,0.015887,0.65348,5.1646,0.026547,0.72788
3,4,0.25,1,17.28,12.631,0.33635,0.18795,23.286,1.0717,1.7318,1.2652,0.031444,2.3326,0.10511,5.8262,0.14254,0.10625,3.9942,2.1299,0.0013308,10.756,7.8499,0.47002,0.19372,0.0089319,0.35727,7.2413,0.015021,0.64873
4,4,0.25,1,18.736,9.7823,0.26669,0.11285,25.335,0.84857,1.4613,0.76242,0.019244,1.9754,0.064491,4.9345,0.12285,0.06532,4.7352,1.2882,0.00083261,12.797,6.6722,0.40653,0.16751,0.0056077,0.22051,8.6473,0.0094686,0.56311
0,0,1,1,-1.31E-23,3.11E-21,22.245,46.897,1.11E-32,8.96E-22,-1.59E-23,3.78E-21,26.978,1.00E-31,1.09E-21,2.36E-34,-4.57E-24,1.09E-21,4.92E-41,-4.11E-32,3.8799,3.80E-46,1.58E-46,2.43E-34,1.86E-32,3.13E-22,2.33E-32,3.56E-46,2.32E-33,1.85E-47
0.25,0,1,1,12.711,0,17.563,30.465,0,0,13.12,0,18.128,0,0,0,3.9036,0,1.4126,0,2.6969,0,0,0,0,0,0,0,0,0
1,0,1,1,33.141,8.26E-17,9.7283,9.7953,3.72E-17,2.64E-17,21.431,5.31E-17,6.2909,2.34E-17,1.70E-17,5.75E-17,6.8819,1.71E-17,11.722,7.22E-35,1.0101,2.55E-17,6.31E-35,1.77E-17,7.49E-18,5.47E-18,4.64E-35,1.39E-35,7.44E-36,2.00E-35
2,0,1,1,43.485,6.15E-18,5.5252,3.1753,6.67E-18,2.07E-18,16.945,2.37E-18,2.1531,2.55E-18,7.96E-19,6.29E-18,5.745,8.06E-19,22.607,4.46E-37,0.36498,6.79E-18,9.51E-37,2.04E-18,8.63E-19,2.72E-19,3.02E-37,5.11E-37,5.12E-38,3.17E-37
3,0,1,1,47.743,1.71E-18,3.7239,1.4366,3.08E-18,5.89E-19,12.826,4.54E-19,1.0004,8.15E-19,1.56E-19,2.02E-18,4.466,1.58E-19,28.629,3.61E-38,0.17417,3.63E-18,1.29E-37,6.71E-19,2.84E-19,5.48E-20,2.51E-38,1.16E-37,4.36E-39,4.41E-38
4,0,1,1,49.93,-1.15E-18,2.7781,0.79667,-2.94E-18,-4.02E-19,10.12,-2.31E-19,0.56306,-5.89E-19,-7.99E-20,-1.46E-18,3.5762,-8.17E-20,32.137,1.68E-38,0.099488,-3.74E-18,8.54E-38,-4.92E-19,-2.08E-19,-2.86E-20,1.18E-38,1.09E-37,2.09E-39,2.97E-38
0,0.25,1,1,-2.05E-16,8.3116,18.005,33.509,-1.14E-17,2.3907,-2.18E-16,8.8987,19.277,-1.17E-17,2.5596,-2.86E-17,-6.26E-17,2.5596,3.57E-34,0.59078,2.7724,3.80E-35,-1.54E-18,-7.91E-18,-3.34E-18,0.73624,0.33986,1.01E-36,0.048879,-4.36E-19
0.25,0.25,1,1,10.942,6.7439,14.525,22.233,0.62931,2.0018,9.9447,6.1404,13.219,0.55229,1.8231,1.3566,2.9483,1.826,1.1164,0.42429,1.965,0.12357,0.075766,0.38711,0.16355,0.54251,0.25221,0.0034274,0.03748,0.02219
1,0.25,1,1,29.341,3.9673,8.4302,7.5348,1.8256,1.2646,16.878,2.2742,4.8248,1.0244,0.72423,2.5233,5.3883,0.72912,9.4778,0.17213,0.77277,1.1475,0.15402,0.7743,0.32694,0.23292,0.11014,0.034809,0.017625,0.048538
2,0.25,1,1,39.222,2.3586,4.9609,2.5573,2.5849,0.79195,13.804,0.82386,1.7275,0.89415,0.27527,2.2095,4.6495,0.2789,18.658,0.066685,0.29208,2.4132,0.1439,0.71411,0.30127,0.093819,0.044987,0.078184,0.0075942,0.04781
3,0.25,1,1,43.479,1.6268,3.4042,1.1853,2.9502,0.56092,10.649,0.39489,0.82239,0.7131,0.13489,1.7659,3.685,0.13736,23.939,0.033079,0.1429,3.203,0.11886,0.5856,0.24691,0.047394,0.022906,0.10732,0.0039721,0.040548
4,0.25,1,1,45.723,1.2292,2.5651,0.6661,3.1545,0.43033,8.4936,0.22626,0.46916,0.57977,0.07817,1.4379,2.9846,0.079913,27.093,0.01933,0.082797,3.6962,0.098608,0.48368,0.20387,0.02796,0.013579,0.12625,0.0023908,0.034144
0,1,1,1,-5.69E-26,22.804,10.613,13.828,-1.45E-26,6.5593,-4.21E-26,17.092,7.9549,-1.05E-26,4.9163,-2.58E-26,-1.20E-26,4.9163,-3.35E-32,5.2818,1.1441,-3.69E-32,-6.43E-27,-7.12E-27,-2.99E-27,1.4141,3.0384,-3.15E-32,0.43698,-1.82E-27
0.25,1,1,1,7.4345,19.113,8.9757,9.6703,1.9378,5.665,4.7329,12.279,5.736,1.2079,3.6364,2.981,1.3902,3.6429,0.58584,3.8997,0.85091,0.29783,0.76362,0.8476,0.35587,1.0798,2.3125,0.037916,0.34284,0.22285
1,1,1,1,21.197,12.047,5.7868,3.7418,5.824,3.823,8.8509,5.0388,2.378,2.3953,1.5923,5.9214,2.785,1.6036,5.2757,1.6999,0.37854,2.8469,1.6086,1.8023,0.75611,0.50875,1.0797,0.38464,0.17149,0.50262
2,1,1,1,29.616,7.5361,3.6907,1.4212,8.4524,2.5201,7.8802,1.9977,0.95094,2.2251,0.66163,5.5123,2.6123,0.67014,10.975,0.7044,0.15972,6.1854,1.5623,1.7659,0.74,0.22375,0.47107,0.87264,0.078828,0.51406
3,1,1,1,33.617,5.3328,2.6411,0.69937,9.7854,1.8348,6.3764,1.0055,0.48075,1.8409,0.34094,4.5677,2.1736,0.34678,14.578,0.36289,0.083108,8.4051,1.3234,1.5034,0.62956,0.11896,0.24935,1.2129,0.042907,0.44762
4,1,1,1,35.848,4.086,2.0378,0.40645,10.555,1.4301,5.2307,0.59225,0.28378,1.5299,0.2034,3.8004,1.8127,0.20754,16.863,0.21667,0.049902,9.8537,1.1153,1.2708,0.53191,0.072325,0.15123,1.441,0.026455,0.38339
0,2,1,1,-6.34E-18,31.179,6.3415,5.5373,-3.65E-18,8.9684,-3.13E-18,15.662,3.1854,-1.78E-18,4.505,-4.41E-18,-8.87E-19,4.505,2.87E-38,11.075,0.45813,6.66E-38,-2.51E-18,-1.22E-18,-5.07E-19,1.2958,6.3711,1.83E-38,0.91628,-7.10E-19
0.25,2,1,1,4.9867,26.775,5.5625,4.0658,2.9092,7.9232,2.1468,11.679,2.4061,1.2384,3.4511,3.0689,0.62539,3.4572,0.28774,8.3896,0.35621,0.33071,1.7743,0.87095,0.36314,1.0226,4.964,0.095125,0.73429,0.51645
1,2,1,1,14.937,17.836,3.8951,1.7742,8.9834,5.6346,4.3922,5.2715,1.1197,2.62,1.6553,6.4985,1.3648,1.6662,2.7475,3.9204,0.17718,3.268,3.8854,1.9663,0.81917,0.5254,2.4738,0.97271,0.39032,1.2057
2,2,1,1,21.687,11.655,2.6511,0.74483,13.339,3.8793,4.2267,2.2697,0.49401,2.5844,0.74644,6.4185,1.3818,0.75491,6.0364,1.7326,0.082421,7.3659,3.9339,2.0423,0.84996,0.25037,1.1497,2.2489,0.19089,1.284
3,2,1,1,25.157,8.4425,1.9661,0.38715,15.661,2.895,3.5765,1.1961,0.26383,2.2163,0.40318,5.5097,1.2031,0.40914,8.2959,0.92621,0.045353,10.265,3.4222,1.803,0.74986,0.13958,0.63194,3.1775,0.10797,1.1491
4,2,1,1,27.184,6.5559,1.5493,0.23227,17.045,2.29,3.014,0.72363,0.16085,1.8829,0.24739,4.6843,1.0317,0.25168,9.8075,0.56515,0.028161,12.237,2.9328,1.5592,0.64817,0.087353,0.39209,3.8197,0.068171,1.0019
0,3,1,1,-5.43E-27,35.033,4.3759,2.793,-5.06E-27,10.077,-1.96E-27,12.863,1.6067,-1.81E-27,3.7,-4.50E-27,-5.54E-28,3.7,-2.23E-38,14.811,0.23108,-3.81E-38,-4.17E-27,-1.24E-27,-5.16E-28,1.0642,8.5202,-1.69E-38,1.2254,-1.18E-27
0.25,3,1,1,3.676,30.501,3.9134,2.1127,3.4517,9.0155,1.1672,9.8216,1.2483,1.0889,2.8984,2.7051,0.33847,2.9029,0.16374,11.417,0.18455,0.3045,2.5272,0.76776,0.31843,0.85747,6.7457,0.14166,0.9964,0.73476
1,3,1,1,11.33,20.995,2.8669,0.99199,10.839,6.6108,2.5245,4.708,0.62319,2.4035,1.473,5.9741,0.77868,1.4813,1.6242,5.5902,0.098211,3.0844,5.6965,1.8031,0.74726,0.4653,3.5128,1.4653,0.55192,1.7609
2,3,1,1,16.844,14.098,2.0255,0.44305,16.344,4.6749,2.551,2.1367,0.29218,2.4667,0.6999,6.1362,0.82711,0.70663,3.6988,2.5795,0.048508,7.1385,5.943,1.9461,0.80583,0.23332,1.7031,3.4462,0.2813,1.9305
3,3,1,1,19.815,10.37,1.535,0.23856,19.377,3.5447,2.2224,1.1608,0.16166,2.1675,0.38999,5.3954,0.7416,0.39487,5.2014,1.4144,0.027666,10.129,5.2703,1.7606,0.72859,0.1342,0.96055,4.9337,0.16332,1.7619
4,3,1,1,21.602,8.1268,1.2258,0.14617,21.224,2.8319,1.907,0.71521,0.1007,1.8697,0.24392,4.6565,0.64788,0.2475,6.2415,0.87644,0.017564,12.222,4.5724,1.5466,0.63979,0.085639,0.6056,5.9859,0.10484,1.5561
0,4,1,1,1.26E-30,37.14,3.3011,1.6428,1.65E-30,10.683,3.55E-31,10.633,0.94507,4.61E-31,3.0583,1.15E-30,1.00E-31,3.0583,6.22E-59,17.204,0.13592,6.35E-59,1.49E-30,3.18E-31,1.31E-31,0.87968,9.8969,1.07E-59,1.4233,4.23E-31
0.25,4,1,1,2.8873,32.611,2.9844,1.2657,3.786,9.6311,0.7198,8.2423,0.74713,0.94,2.4304,2.3389,0.20823,2.4336,0.10385,13.42,0.11034,0.2705,3.0575,0.66451,0.27449,0.71819,7.9214,0.17621,1.1689,0.88868
1,4,1,1,9.0563,22.916,2.2438,0.62221,12.022,7.1983,1.6123,4.1076,0.38971,2.1339,1.2823,5.3114,0.49519,1.2883,1.0559,6.7824,0.061234,2.7884,7.0373,1.6018,0.66119,0.40365,4.25,1.8418,0.66585,2.1706
2,4,1,1,13.67,15.666,1.6217,0.28927,18.32,5.1793,1.6819,1.9303,0.19004,2.2492,0.63078,5.6012,0.54258,0.63588,2.4625,3.2231,0.031435,6.5739,7.4988,1.7739,0.7317,0.2093,2.1207,4.3891,0.34903,2.429
3,4,1,1,16.233,11.645,1.246,0.15945,21.871,3.9697,1.4939,1.0706,0.10765,2.0095,0.359,5.0067,0.49607,0.36279,3.5168,1.7991,0.018358,9.4469,6.7423,1.6318,0.67277,0.12294,1.2178,6.3462,0.20635,2.2479
4,4,1,1,17.805,9.1853,1.0037,0.099116,24.067,3.1933,1.2978,0.66807,0.068047,1.7521,0.22756,4.3669,0.4389,0.23038,4.2639,1.1272,0.011832,11.498,5.9021,1.4492,0.59732,0.079527,0.77665,7.7536,0.13404,2.0039
0,0,2,1,0,1.03E-22,32.482,26.321,0,6.19E-23,0,1.00E-22,31.67,0,6.03E-23,0,0,6.03E-23,0,2.12E-41,9.5266,0,0,0,0,3.63E-23,1.74E-41,0,9.27E-42,0
0.25,0,2,1,10.428,0,26.743,18.19,0,0,8.7616,0,22.471,0,0,0,5.4116,0,1.055,0,6.9395,0,0,0,0,0,0,0,0,0
1,0,2,1,29.042,0,16.24,6.851,0,0,16.047,0,8.9736,0,0,0,10.51,0,9.397,0,2.9385,0,0,0,0,0,0,0,0,0
2,0,2,1,39.916,-6.07E-18,9.8949,2.5437,-6.90E-18,-4.11E-18,14.032,-2.10E-18,3.4784,-2.34E-18,-1.42E-18,-5.72E-18,9.5941,-1.44E-18,19.351,4.38E-37,1.1892,-6.44E-18,9.65E-37,-3.77E-18,-1.60E-18,-9.82E-19,5.99E-37,5.38E-37,2.05E-37,6.51E-37
3,0,2,1,44.913,-5.39E-18,6.9108,1.2358,-9.99E-18,-3.73E-18,11.232,-1.32E-18,1.7283,-2.43E-18,-9.14E-19,-5.96E-18,7.8543,-9.30E-19,25.522,3.59E-37,0.60428,-1.10E-17,1.30E-36,-4.00E-18,-1.70E-18,-6.46E-19,5.01E-37,1.19E-36,1.75E-37,8.97E-37
4,0,2,1,47.644,0,5.2574,0.71277,0,0,9.1525,0,1.0099,0,0,0,6.4842,0,29.381,0,0.35775,0,0,0,0,0,0,0,0,0
0,0.25,2,1,0,5.9519,26.968,19.291,0,3.5807,0,5.123,23.212,0,3.0821,0,0,3.0821,0,0.34011,6.9824,0,0,0,0,1.8542,0.40923,0,0.1231,0
0.25,0.25,2,1,9.1152,5.021,22.518,13.526,0.53595,3.0931,6.7314,3.7201,16.695,0.3734,2.2933,0.9064,4.1445,2.2969,0.8432,0.25613,5.152,0.093038,0.050804,0.54053,0.22931,1.4168,0.31611,0.0025775,0.097527,0.030975
1,0.25,2,1,25.82,3.2344,14.157,5.3001,1.6193,2.1018,12.671,1.5787,6.9262,0.76132,1.0268,1.8562,8.2567,1.0336,7.6094,0.11817,2.2637,0.91068,0.11268,1.1693,0.49548,0.67402,0.1544,0.027354,0.050425,0.072645
2,0.25,2,1,35.994,2.0696,8.8843,2.0436,2.3718,1.4003,11.393,0.64721,2.7864,0.72789,0.43718,1.7832,7.7453,0.44269,15.926,0.051675,0.95071,2.0295,0.11505,1.1692,0.49471,0.30074,0.070428,0.064883,0.024,0.07731
3,0.25,2,1,40.844,1.4851,6.3084,1.0149,2.7647,1.0272,9.28,0.33251,1.4153,0.61322,0.22879,1.5074,6.4535,0.23276,21.255,0.027503,0.49413,2.804,0.10053,1.0092,0.42653,0.16152,0.038319,0.092758,0.013357,0.069042
4,0.25,2,1,43.561,1.148,4.846,0.59301,2.9965,0.80463,7.6442,0.19837,0.83795,0.51555,0.13784,1.2705,5.3878,0.14075,24.668,0.016761,0.29658,3.3231,0.086412,0.86071,0.36353,0.098868,0.02365,0.11222,0.0083543,0.060112
0,1,2,1,-8.17E-17,17.098,16.643,8.3344,-2.12E-17,10.286,-4.82E-17,10.302,10.028,-1.20E-17,6.198,-2.94E-17,-2.88E-17,6.198,-3.60E-31,3.1836,3.0166,-3.94E-31,-7.37E-18,-1.71E-17,-7.18E-18,3.7289,3.8307,-3.33E-31,1.1523,-4.38E-18
0.25,1,2,1,6.3581,14.722,14.385,6.0843,1.6806,9.0582,3.2734,7.7016,7.4959,0.83549,4.7382,2.043,1.9999,4.7464,0.44933,2.4396,2.3094,0.22784,0.52508,1.214,0.51116,2.9223,3.0053,0.028968,0.92539,0.31907
1,1,2,1,18.781,9.9497,9.8189,2.6523,5.1849,6.4427,6.6524,3.5386,3.4457,1.7893,2.2873,4.3875,4.2821,2.3029,4.2315,1.1846,1.1207,2.2647,1.1884,2.7441,1.1541,1.4935,1.5388,0.30383,0.49951,0.76051
2,1,2,1,27.131,6.6254,6.5989,1.1256,7.7406,4.4685,6.4352,1.5638,1.5234,1.8014,1.0488,4.432,4.315,1.0616,9.282,0.54637,0.51709,5.1778,1.2491,2.8834,1.2108,0.71686,0.73948,0.72381,0.25016,0.83232
3,1,2,1,31.454,4.8617,4.8709,0.59086,9.1392,3.3572,5.4827,0.83984,0.81787,1.5693,0.57428,3.8709,3.762,0.58357,12.797,0.30055,0.28441,7.3063,1.1152,2.5739,1.0796,0.40307,0.41611,1.0451,0.14408,0.76011
4,1,2,1,34.003,3.8075,3.8298,0.35697,9.9902,2.6686,4.6458,0.51467,0.50084,1.3481,0.35582,3.3315,3.2332,0.36266,15.181,0.18691,0.17678,8.7924,0.97271,2.2447,0.94082,0.25393,0.26232,1.2756,0.092137,0.67222
0,2,2,1,9.99E-21,24.028,10.222,3.4309,5.81E-21,14.456,3.92E-21,9.704,4.1282,2.23E-21,5.8381,5.49E-21,2.33E-21,5.8381,-3.55E-32,6.8617,1.2418,-6.13E-32,3.14E-21,3.19E-21,1.33E-21,3.5123,8.2562,-5.54E-32,2.4835,1.87E-21
0.25,2,2,1,4.3225,21.064,9.0972,2.609,2.5426,12.943,1.4997,7.4803,3.2083,0.86599,4.5936,2.1318,0.90986,4.6013,0.22143,5.3649,0.98682,0.25404,1.2362,1.2641,0.52796,2.8281,6.5969,0.073003,2.0276,0.74938
1,2,2,1,13.27,14.852,6.6457,1.2592,8.0044,9.5826,3.2903,3.7207,1.6268,1.9572,2.3928,4.8254,2.0956,2.4076,2.1916,2.7547,0.52667,2.5936,2.8828,3.0021,1.2527,1.554,3.5595,0.76866,1.1492,1.8341
2,2,2,1,19.81,10.249,4.7257,0.58369,12.183,6.887,3.4121,1.7662,0.78435,2.0768,1.1777,5.131,2.2606,1.1903,5.0506,1.3411,0.26482,6.1241,3.1368,3.3184,1.3828,0.79949,1.8036,1.8592,0.60613,2.0757
3,2,2,1,23.434,7.6789,3.6058,0.32264,14.572,5.2883,3.034,0.9899,0.44343,1.8712,0.67354,4.6309,2.0575,0.68296,7.1957,0.76275,0.15349,8.8487,2.8684,3.0633,1.2753,0.46957,1.0498,2.7241,0.36126,1.9425
4,2,2,1,25.664,6.0907,2.8943,0.20124,16.07,4.2623,2.642,0.62289,0.28042,1.6431,0.42894,4.0715,1.8183,0.43599,8.7266,0.48441,0.098621,10.827,2.5426,2.7316,1.1365,0.30424,0.67636,3.3627,0.23627,1.7473
0,3,2,1,8.30E-29,27.349,7.1452,1.753,7.78E-29,16.454,2.38E-29,8.0735,2.1093,2.20E-29,4.8572,5.44E-29,1.41E-29,4.8572,2.26E-37,9.2957,0.63449,3.83E-37,5.06E-29,3.16E-29,1.31E-29,2.9222,11.185,1.68E-37,3.3645,3.00E-29
0.25,3,2,1,3.202,24.239,6.4618,1.368,3.0229,14.881,0.81839,6.3523,1.6801,0.76448,3.8967,1.8897,0.49455,3.9024,0.12587,7.377,0.51617,0.23378,1.7702,1.1203,0.46512,2.3958,9.0603,0.10869,2.7813,1.072
1,3,2,1,10.068,17.547,4.9022,0.70345,9.6523,11.293,1.8852,3.3273,0.90549,1.7928,2.1337,4.436,1.1932,2.145,1.2893,3.9403,0.29219,2.4405,4.231,2.7536,1.1423,1.3802,5.0743,1.1562,1.6327,2.6832
2,3,2,1,15.347,12.389,3.6014,0.34465,14.893,8.3002,2.0435,1.6548,0.46098,1.9712,1.0999,4.8839,1.3443,1.1099,3.0715,1.9913,0.15502,5.9033,4.7251,3.1495,1.3052,0.74275,2.6668,2.8394,0.89238,3.1143
3,3,2,1,18.396,9.4114,2.8037,0.19699,17.978,6.4649,1.8685,0.95436,0.26946,1.8175,0.64758,4.5082,1.2582,0.65525,4.4743,1.1594,0.092928,8.6779,4.3981,2.9746,1.2318,0.44905,1.5894,4.2116,0.54465,2.9672
4,3,2,1,20.323,7.5308,2.28,0.12549,19.951,5.2596,1.657,0.61148,0.17408,1.6204,0.42022,4.0228,1.1327,0.42606,5.509,0.74742,0.061027,10.747,3.9453,2.6936,1.1149,0.29652,1.0399,5.2461,0.3619,2.7021
0,4,2,1,4.93E-28,29.202,5.4289,1.0385,6.46E-28,17.568,1.10E-28,6.7211,1.2495,1.43E-28,4.0436,3.55E-28,6.51E-29,4.0436,1.12E-32,10.875,0.37587,2.88E-32,4.63E-28,2.07E-28,8.54E-29,2.4327,13.085,2.02E-32,3.9362,2.75E-28
0.25,4,2,1,2.5201,26.062,4.9543,0.82366,3.317,15.989,0.50565,5.3595,1.0107,0.66124,3.2856,1.6389,0.30491,3.2896,0.079705,8.7205,0.31027,0.20742,2.1474,0.97219,0.40186,2.0181,10.702,0.13506,3.2827,1.3
1,4,2,1,8.0453,19.19,3.842,0.44092,10.697,12.327,1.2015,2.9042,0.56616,1.5896,1.8591,3.9425,0.75773,1.8674,0.83507,4.787,0.18225,2.2004,5.2268,2.4454,1.0101,1.199,6.1504,1.4506,1.9743,3.3089
2,4,2,1,12.432,13.756,2.8787,0.22392,16.663,9.195,1.3404,1.4899,0.29855,1.7902,0.98834,4.444,0.87803,0.99591,2.034,2.4825,0.10009,5.4146,5.948,2.8624,1.1814,0.66474,3.315,3.6061,1.106,3.9111
3,4,2,1,15.033,10.55,2.2696,0.13086,20.248,7.2311,1.2486,0.87613,0.17844,1.6769,0.59355,4.1662,0.83718,0.59949,3.008,1.4695,0.061352,8.0573,5.6077,2.7461,1.1327,0.40984,2.0088,5.3991,0.68635,3.7745
4,4,2,1,16.708,8.4942,1.8613,0.08457,22.573,5.9211,1.121,0.56847,0.11696,1.5111,0.39022,3.7566,0.76322,0.39483,3.7425,0.95758,0.040892,10.065,5.0747,2.5136,1.0364,0.27421,1.3289,6.7718,0.46122,3.4684
0,0,3,1,1.00E-21,-2.14E-19,38.193,16.552,-2.32E-42,-1.99E-19,8.08E-22,-1.73E-19,30.866,-1.70E-42,-1.61E-19,-4.08E-42,7.53E-22,-1.61E-19,-2.49E-30,4.32E-40,14.389,2.03E-50,3.75E-62,-3.70E-42,-1.58E-42,-1.50E-19,8.17E-40,8.19E-62,3.76E-40,1.88E-62
0.25,0,3,1,8.9229,-1.15E-16,32.332,11.979,-1.33E-17,-1.09E-16,6.2932,-8.06E-17,22.804,-8.56E-18,-7.67E-17,-2.05E-17,5.9899,-7.68E-17,0.82653,1.36E-34,10.852,-2.24E-18,2.84E-35,-1.90E-17,-8.10E-18,-7.31E-17,2.59E-34,1.52E-36,1.23E-34,2.67E-35
1,0,3,1,25.978,-1.64E-17,20.96,5.0784,-8.65E-18,-1.62E-17,12.549,-7.83E-18,10.125,-3.91E-18,-7.77E-18,-9.43E-18,12.51,-7.82E-18,7.7527,3.04E-36,5.0468,-4.81E-18,2.99E-36,-9.12E-18,-3.88E-18,-7.78E-18,6.06E-36,7.50E-37,3.02E-36,2.94E-36
2,0,3,1,36.972,0,13.465,2.0918,0,0,11.861,0,4.3197,0,0,0,12.247,0,16.813,0,2.2302,0,0,0,0,0,0,0,0,0
3,0,3,1,42.444,0,9.6797,1.0767,0,0,9.9393,0,2.2668,0,0,0,10.463,0,22.938,0,1.193,0,0,0,0,0,0,0,0,0
4,0,3,1,45.584,0,7.488,0.64223,0,0,8.3273,0,1.3679,0,0,0,8.8683,0,26.994,0,0.72839,0,0,0,0,0,0,0,0,0
0,0.25,3,1,8.17E-16,4.581,32.17,12.309,4.76E-17,4.2712,5.78E-16,3.2685,22.953,3.10E-17,3.0474,7.45E-17,5.38E-16,3.0474,6.85E-33,0.21697,10.7,7.30E-34,4.05E-18,6.75E-17,2.87E-17,2.8414,0.4046,1.96E-35,0.18862,3.75E-18
0.25,0.25,3,1,7.8684,3.9715,27.524,9.0034,0.46955,3.7706,4.8679,2.468,17.13,0.26959,2.3456,0.64904,4.6215,2.3492,0.66393,0.16943,8.1483,0.073062,0.036464,0.59958,0.25508,2.2338,0.32237,0.0020216,0.15332,0.034338
1,0.25,3,1,23.153,2.7293,18.339,3.9424,1.4593,2.6992,9.9175,1.1618,7.846,0.59073,1.1515,1.4296,9.844,1.1588,6.2784,0.086166,3.905,0.74415,0.086357,1.3776,0.58526,1.1512,0.17151,0.022167,0.085309,0.084933
2,0.25,3,1,33.327,1.845,12.087,1.6771,2.1946,1.8843,9.6011,0.52381,3.4555,0.60628,0.53536,1.4755,9.8641,0.54174,13.801,0.04134,1.7813,1.7369,0.094425,1.4678,0.62243,0.55637,0.08519,0.054903,0.043869,0.096021
3,0.25,3,1,38.553,1.3666,8.8234,0.88081,2.6034,1.4218,8.1774,0.2846,1.8501,0.53414,0.29549,1.3053,8.5652,0.30032,19.036,0.023282,0.97277,2.4807,0.086337,1.321,0.5594,0.31409,0.048897,0.081159,0.025673,0.089431
4,0.25,3,1,41.617,1.0769,6.8908,0.53209,2.8548,1.1335,6.9251,0.17569,1.1308,0.46209,0.18398,1.1327,7.3402,0.18765,22.581,0.014698,0.60182,3.008,0.076469,1.1579,0.48988,0.19838,0.031219,0.10056,0.016587,0.080096
0,1,3,1,0,13.529,20.412,5.4669,0,12.615,0,6.7573,10.195,0,6.3005,0,0,6.3005,0,2.088,4.7528,0,0,0,0,5.8746,3.8938,0,1.8153,0
0.25,1,3,1,5.5679,11.893,17.948,4.1355,1.4854,11.279,2.3927,5.2212,7.8559,0.61038,4.9538,1.4826,2.2564,4.962,0.35558,1.6503,3.7317,0.17988,0.38188,1.3649,0.57585,4.7109,3.1349,0.02284,1.4884,0.35848
1,1,3,1,16.905,8.4705,12.802,1.981,4.6805,8.3536,5.1999,2.6233,3.9241,1.3912,2.587,3.3907,5.1071,2.6036,3.4801,0.87272,1.9456,1.8498,0.91594,3.2467,1.3681,2.575,1.729,0.2467,0.85565,0.89508
2,1,3,1,25.075,5.9148,8.9606,0.91682,7.1493,6.0257,5.373,1.2616,1.8778,1.4929,1.2818,3.6534,5.4535,1.2965,7.9761,0.43742,0.96408,4.411,1.0247,3.6093,1.5181,1.3251,0.89629,0.61185,0.45869,1.0344
3,1,3,1,29.581,4.4682,6.7827,0.50724,8.5794,4.6431,4.7762,0.71408,1.0591,1.3569,0.73751,3.3309,4.9427,0.74874,11.347,0.25368,0.55509,6.4236,0.95483,3.3503,1.4072,0.78006,0.53002,0.91182,0.27666,0.9823
4,1,3,1,32.358,3.5644,5.4194,0.31662,9.4869,3.7526,4.1601,0.45237,0.669,1.1988,0.47171,2.9497,4.3585,0.48026,13.756,0.16322,0.3553,7.9054,0.85725,3,1.2589,0.50641,0.34513,1.1388,0.18243,0.89253
0,2,3,1,0,19.352,12.759,2.2902,0,18.044,0,6.4776,4.2707,0,6.0397,0,0,6.0397,0,4.5804,1.991,0,0,0,0,5.6315,8.5415,0,3.9821,0
0.25,2,3,1,3.8126,17.252,11.498,1.7953,2.255,16.344,1.1007,5.1392,3.4052,0.63596,4.8686,1.5575,1.0319,4.8763,0.17498,3.6812,1.6154,0.20044,0.90527,1.4308,0.59836,4.6229,6.9824,0.057548,3.31,0.8479
1,2,3,1,11.954,12.714,8.6927,0.94002,7.2237,12.503,2.5605,2.7652,1.8538,1.5193,2.7158,3.7285,2.492,2.7315,1.791,2.0399,0.91569,2.1106,2.2259,3.5535,1.4846,2.691,4.0242,0.62327,1.9826,2.1642
2,2,3,1,18.257,9.1504,6.3985,0.47112,11.224,9.2945,2.82,1.4174,0.95938,1.7097,1.4333,4.2067,2.8324,1.4477,4.298,1.0715,0.49043,5.1838,2.5661,4.134,1.7245,1.473,2.1841,1.5664,1.1115,2.5748
3,2,3,1,21.951,7.0436,4.9966,0.27375,13.635,7.3037,2.6119,0.83498,0.56818,1.6043,0.85876,3.9556,2.6747,0.87005,6.3124,0.6407,0.29668,7.7215,2.4442,3.9598,1.6501,0.90302,1.3319,2.3658,0.69151,2.5002
4,2,3,1,24.319,5.6872,4.0738,0.1764,15.207,5.9803,2.3384,0.54295,0.37057,1.4485,0.56425,3.5774,2.4252,0.573,7.8256,0.42067,0.19622,9.6615,2.2289,3.6243,1.5091,0.60245,0.88562,2.9873,0.46585,2.3088
0,3,3,1,4.75E-28,22.216,8.9953,1.1802,4.47E-28,20.714,1.12E-28,5.4356,2.2009,1.04E-28,5.0681,2.55E-28,1.03E-28,5.0681,-1.20E-34,6.2584,1.0261,-2.23E-34,2.38E-28,2.31E-28,9.58E-29,4.7255,11.671,-1.19E-34,5.4409,2.19E-28
0.25,3,3,1,2.8309,19.986,8.2184,0.94658,2.6822,18.921,0.60137,4.3913,1.7936,0.56229,4.1565,1.3844,0.56182,4.1621,0.099193,5.0958,0.85007,0.18405,1.2996,1.2711,0.52823,3.9423,9.6563,0.085517,4.573,1.2161
1,3,3,1,9.0652,15.056,6.4201,0.52434,8.7018,14.777,1.4618,2.4734,1.031,1.3887,2.4235,3.4236,1.4151,2.4355,1.0482,2.9227,0.5079,1.9788,3.266,3.2564,1.352,2.3933,5.7497,0.93535,2.8247,3.1671
2,3,3,1,14.111,11.054,4.8656,0.27642,13.691,11.202,1.6773,1.3224,0.56069,1.6146,1.3337,3.9873,1.6743,1.345,2.5957,1.5871,0.28568,4.9718,3.8545,3.9086,1.621,1.3645,3.2236,2.3841,1.6346,3.8545
3,3,3,1,17.18,8.6171,3.8717,0.16582,16.779,8.917,1.5959,0.80038,0.3428,1.5488,0.82126,3.8303,1.6241,0.83041,3.896,0.96992,0.17843,7.5301,3.7328,3.8258,1.5853,0.85948,2.0094,3.6432,1.0394,3.8057
4,3,3,1,19.198,7.0164,3.197,0.10912,18.831,7.3661,1.4551,0.52983,0.22835,1.4198,0.54962,3.5154,1.5,0.55685,4.9045,0.6462,0.12058,9.5365,3.444,3.555,1.4722,0.58411,1.3562,4.6413,0.71096,3.5568
0,4,3,1,0,23.835,6.8675,0.70252,0,22.224,0,4.5468,1.3101,0,4.2395,0,0,4.2395,0,7.3569,0.61076,0,0,0,0,3.9529,13.719,0,6.3959,0
0.25,4,3,1,2.2297,21.57,6.3235,0.57168,2.9423,20.41,0.37174,3.7176,1.0825,0.48665,3.5169,1.2023,0.34663,3.521,0.062671,6.046,0.51269,0.16297,1.5784,1.1044,0.45679,3.333,11.45,0.10607,5.4188,1.4766
1,4,3,1,7.2383,16.486,5.0347,0.32824,9.6333,16.157,0.9294,2.1582,0.6441,1.2293,2.1117,3.0398,0.89696,2.1205,0.67647,3.5525,0.31669,1.7792,4.0325,2.8894,1.1942,2.0802,6.9754,1.1712,3.4203,3.9048
2,4,3,1,11.409,12.265,3.8836,0.17882,15.293,12.407,1.0952,1.187,0.36175,1.4612,1.1952,3.6176,1.0892,1.2037,1.7108,1.9745,0.18384,4.5435,4.8411,3.5424,1.4628,1.2185,4.0006,3.0196,2.0234,4.8316
3,4,3,1,14.009,9.6451,3.1269,0.10957,18.861,9.9632,1.0609,0.7318,0.2259,1.423,0.74987,3.5268,1.0755,0.75694,2.606,1.2255,0.11728,6.9635,4.7453,3.5194,1.4523,0.78178,2.5326,4.6561,1.3067,4.8284
4,4,3,1,15.747,7.9002,2.6031,0.073142,21.263,8.2808,0.97928,0.49049,0.15265,1.3184,0.50831,3.2702,1.0058,0.51399,3.3151,0.82511,0.080415,8.8955,4.4158,3.3049,1.3632,0.53814,1.7277,5.9724,0.90353,4.5522
0,0,4,1,-9.31E-16,6.92E-17,41.772,11.261,-8.89E-34,8.82E-17,-6.39E-16,4.75E-17,28.691,-5.46E-34,6.06E-17,-1.30E-33,-8.15E-16,6.06E-17,3.65E-31,5.02E-35,18.276,1.49E-49,-1.13E-51,-1.61E-33,-6.91E-34,7.72E-17,1.28E-34,9.18E-59,8.15E-35,-1.43E-51
0.25,0,4,1,7.8432,3.46E-17,36.092,8.4437,4.34E-18,4.47E-17,4.7536,2.09E-17,21.874,2.37E-18,2.70E-17,5.66E-18,6.1574,2.71E-17,0.66904,1.29E-35,14.167,6.65E-19,2.89E-36,7.16E-18,3.06E-18,3.50E-17,3.35E-35,1.66E-37,2.17E-35,3.71E-36
1,0,4,1,23.573,0,24.568,3.9258,0,0,10.129,0,10.556,0,0,0,13.618,0,6.5332,0,7.0964,0,0,0,0,0,0,0,0,0
2,0,4,1,34.491,0,16.455,1.7552,0,0,10.187,0,4.8603,0,0,0,14.105,0,14.782,0,3.3646,0,0,0,0,0,0,0,0,0
3,0,4,1,40.268,0,12.115,0.94794,0,0,8.8719,0,2.6692,0,0,0,12.491,0,20.758,0,1.879,0,0,0,0,0,0,0,0,0
4,0,4,1,43.716,0,9.509,0.58222,0,0,7.6161,0,1.6566,0,0,0,10.835,0,24.907,0,1.1784,0,0,0,0,0,0,0,0,0
0,0.25,4,1,-2.96E-16,3.7015,35.516,8.4497,-1.75E-17,4.7157,-1.78E-16,2.2439,21.53,-9.55E-18,2.8587,-2.28E-17,-2.26E-16,2.8587,9.46E-34,0.14897,13.714,1.01E-34,-1.25E-18,-2.83E-17,-1.21E-17,3.6419,0.37957,2.71E-36,0.24178,-1.57E-18
0.25,0.25,4,1,6.9494,3.2727,30.939,6.3938,0.41898,4.2281,3.6906,1.7476,16.555,0.204,2.2607,0.48821,4.7696,2.2641,0.53831,0.11967,10.717,0.059089,0.027465,0.61609,0.26263,2.93,0.30987,0.0016329,0.20057,0.03525
1,0.25,4,1,21.045,2.3607,21.551,3.0543,1.3308,3.1486,8.0053,0.89228,8.2009,0.47325,1.1938,1.1388,10.722,1.2009,5.2879,0.06566,5.5065,0.62166,0.06849,1.4859,0.63244,1.6099,0.17636,0.018388,0.11835,0.091002
2,0.25,4,1,31.078,1.6653,14.763,1.4049,2.0446,2.2798,8.2253,0.43377,3.8832,0.51417,0.59535,1.2448,11.337,0.60201,12.106,0.033893,2.685,1.5073,0.079093,1.6665,0.70794,0.8297,0.093729,0.047186,0.064746,0.10802
3,0.25,4,1,36.535,1.2659,11.028,0.77305,2.4616,1.7605,7.273,0.24685,2.1728,0.47024,0.34344,1.1436,10.194,0.34873,17.174,0.019997,1.5284,2.2141,0.075086,1.5533,0.65882,0.48825,0.056228,0.071731,0.039502,0.10418
4,0.25,4,1,39.859,1.014,8.7367,0.48065,2.727,1.4248,6.3097,0.15692,1.3652,0.41701,0.22,1.0176,8.9375,0.22414,20.767,0.013011,0.97085,2.7388,0.068231,1.3942,0.59068,0.31685,0.036959,0.090726,0.026242,0.095603
0,1,4,1,1.73E-19,11.132,22.946,3.8217,4.59E-20,14.182,7.12E-20,4.7241,9.7377,1.78E-20,6.0185,4.30E-20,9.02E-20,6.0185,4.42E-40,1.4599,6.2029,2.01E-40,1.09E-20,5.33E-20,2.25E-20,7.6675,3.7198,2.99E-41,2.3695,1.37E-20
0.25,1,4,1,4.9603,9.9434,20.455,2.9771,1.3319,12.835,1.8236,3.751,7.6986,0.46489,4.8452,1.1235,2.3432,4.8527,0.28845,1.1834,4.978,0.14562,0.28985,1.4132,0.59715,6.2719,3.0603,0.01847,1.9779,0.37092
1,1,4,1,15.398,7.3738,15.108,1.5379,4.2714,9.8131,4.1866,2.0243,4.1138,1.115,2.6972,2.7048,5.5562,2.7133,2.919,0.66993,2.7538,1.5427,0.72893,3.509,1.4808,3.6243,1.7926,0.20473,1.1978,0.96308
2,1,4,1,23.339,5.3444,10.924,0.76316,6.6489,7.3025,4.5654,1.0418,2.0992,1.2604,1.4229,3.0711,6.2249,1.4381,6.9428,0.35884,1.4468,3.8112,0.85771,4.0861,1.721,1.9742,0.98773,0.52514,0.67866,1.1638
3,1,4,1,27.945,4.1348,8.4437,0.44096,8.0909,5.7459,4.2048,0.61573,1.2334,1.1867,0.85287,2.9015,5.8289,0.86505,10.145,0.21734,0.86545,5.7006,0.82802,3.9189,1.6481,1.2074,0.60847,0.80375,0.42527,1.1418
4,1,4,1,30.88,3.3507,6.8403,0.28316,9.0356,4.7101,3.7514,0.4014,0.80044,1.0742,0.5607,2.6336,5.2571,0.57029,12.537,0.14397,0.56833,7.1544,0.76214,3.591,1.5085,0.80451,0.40744,1.0241,0.28797,1.062
0,2,4,1,2.85E-28,16.114,14.516,1.6205,1.68E-28,20.529,7.74E-29,4.5835,4.129,4.42E-29,5.8393,1.08E-28,9.77E-29,5.8393,9.34E-35,3.241,2.6302,1.13E-34,6.21E-29,1.34E-28,5.60E-29,7.4392,8.2581,4.40E-35,5.2603,7.83E-29
0.25,2,4,1,3.4096,14.561,13.22,1.303,2.0244,18.779,0.84008,3.7254,3.3653,0.48548,4.8061,1.1843,1.0738,4.8131,0.14146,2.6656,2.1737,0.16183,0.68951,1.4864,0.6223,6.2134,6.8848,0.046426,4.4438,0.88056
1,2,4,1,10.886,11.11,10.277,0.7289,6.586,14.752,2.0519,2.1364,1.9428,1.2149,2.8371,2.9704,2.7016,2.8523,1.4926,1.5714,1.2966,1.7527,1.7721,3.8376,1.6048,3.7977,4.19,0.51601,2.7892,2.3311
2,2,4,1,16.947,8.2673,7.7794,0.3891,10.414,11.27,2.3744,1.165,1.0652,1.4348,1.5848,3.5182,3.2077,1.5997,3.7082,0.87745,0.73156,4.4522,2.1421,4.659,1.9453,2.1879,2.4046,1.3398,1.6443,2.8912
3,2,4,1,20.659,6.5069,6.1929,0.23564,12.82,9.0272,2.2758,0.71516,0.65581,1.3928,0.98707,3.4234,3.1251,0.99924,5.5901,0.54676,0.45874,6.8064,2.1108,4.604,1.92,1.3902,1.5242,2.0768,1.0602,2.8958
4,2,4,1,23.118,5.334,5.1173,0.15613,14.438,7.4916,2.0868,0.47825,0.43919,1.2881,0.66611,3.1722,2.8973,0.67585,7.0646,0.36931,0.31106,8.6837,1.9722,4.3098,1.7958,0.95109,1.0412,2.6743,0.73262,2.7355
0,3,4,1,9.71E-29,18.609,10.295,0.84011,9.18E-29,23.708,1.92E-29,3.8692,2.1406,1.79E-29,4.9292,4.39E-29,2.42E-29,4.9292,-9.22E-43,4.4549,1.3635,-1.47E-42,4.10E-29,5.44E-29,2.26E-29,6.2798,11.351,-5.84E-43,7.2305,5.17E-29
0.25,3,4,1,2.5342,16.947,9.4897,0.68954,2.4072,21.844,0.4589,3.1964,1.7794,0.42938,4.1209,1.0537,0.58483,4.1261,0.079924,3.7069,1.1485,0.14817,0.99091,1.3219,0.54974,5.3225,9.567,0.068812,6.17,1.2644
1,3,4,1,8.2477,13.179,7.5952,0.40585,7.9238,17.473,1.1672,1.9102,1.0791,1.1079,2.5318,2.723,1.5297,2.5434,0.86917,2.2533,0.7186,1.6371,2.5981,3.5116,1.4591,3.3794,5.9944,0.77237,3.981,3.41
2,3,4,1,13.069,9.9809,5.9041,0.22702,12.678,13.581,1.4036,1.0829,0.61947,1.3488,1.4698,3.3218,1.8859,1.4815,2.2255,1.2967,0.42426,4.2501,3.2089,4.3892,1.8215,2.021,3.543,2.0327,2.4151,4.3185
3,3,4,1,16.125,7.9481,4.7843,0.14176,15.739,11.009,1.3809,0.68208,0.39318,1.3374,0.93952,3.2993,1.8856,0.94935,3.4273,0.82479,0.27429,6.604,3.2122,4.428,1.8359,1.3176,2.2924,3.1864,1.5894,4.394
4,3,4,1,18.198,6.5682,4.0024,0.095904,17.836,9.2129,1.2895,0.46422,0.26887,1.2556,0.64554,3.1017,1.7805,0.65355,4.3985,0.56507,0.18998,8.5276,3.0358,4.2071,1.7431,0.91784,1.5886,4.1395,1.1145,4.1993
0,4,4,1,-1.12E-27,20.033,7.8866,0.50177,-1.48E-27,25.522,-1.73E-28,3.2475,1.2785,-2.26E-28,4.1373,-5.57E-28,-2.18E-28,4.1373,2.92E-40,5.2546,0.81439,6.75E-40,-7.30E-28,-6.92E-28,-2.86E-28,5.2708,13.388,3.92E-40,8.5284,-9.21E-28
0.25,4,4,1,1.9963,18.337,7.3196,0.41727,2.639,23.627,0.28362,2.7122,1.0762,0.3716,3.495,0.91564,0.36083,3.4988,0.050374,4.4092,0.69421,0.13092,1.204,1.1489,0.47546,4.5111,11.373,0.085183,7.331,1.536
1,4,4,1,6.5795,14.441,5.9581,0.25372,8.7624,19.125,0.74029,1.6658,0.67348,0.97892,2.2053,2.4147,0.96762,2.2139,0.55899,2.739,0.44775,1.468,3.205,3.1121,1.287,2.9373,7.275,0.96505,4.8237,4.2015
2,4,4,1,10.549,11.067,4.7063,0.14631,14.139,15.039,0.91281,0.96933,0.39832,1.2168,1.3138,3.0056,1.2225,1.3227,1.4605,1.6102,0.27221,3.8708,4.0218,3.9678,1.6393,1.801,4.3901,2.568,2.9861,5.4034
3,4,4,1,13.122,8.885,3.8561,0.09324,17.661,12.289,0.91365,0.62142,0.25798,1.2242,0.85494,3.0277,1.2435,0.86253,2.2819,1.0393,0.17957,6.0848,4.0725,4.0603,1.6763,1.1949,2.8822,4.061,1.9938,5.5613
4,4,4,1,14.896,7.3843,3.2515,0.063973,20.104,10.344,0.86372,0.42813,0.17893,1.1615,0.59484,2.8754,1.1887,0.60112,2.9596,0.71936,0.12616,7.9253,3.8813,3.8978,1.6084,0.84278,2.0182,5.3114,1.4128,5.3602
